{"cameraMode":{"drawMode":0,"name":"Shaded","section":"Shading Mode"},"sceneLighting":true,"audioPlay":false,"sceneViewState":{"showFog":true,"showMaterialUpdate":false,"showSkybox":true,"showFlares":true,"showImageEffects":true,"showParticleSystems":true},"in2DMode":false,"pivot":{"x":-11.062697410583496,"y":8.605000495910645,"z":4.476377487182617},"rotation":{"x":-0.27539125084877016,"y":0.0981280654668808,"z":-0.02826732210814953,"w":-0.9559027552604675},"size":22.0,"orthographic":false}